#queryIndex	queryItem	stringId	preferredName	annotation
1	FAM3B	9606.ENSP00000350673	FAM3B	Protein FAM3B; Induces apoptosis of alpha and beta cells in a dose- and time-dependent manner; Belongs to the FAM3 family.
2	ACOT12	9606.ENSP00000303246	ACOT12	Acetyl-coenzyme A thioesterase; Acyl-CoA thioesterases are a group of enzymes that catalyze the hydrolysis of acyl-CoAs to the free fatty acid and coenzyme A (CoASH), providing the potential to regulate intracellular levels of acyl-CoAs, free fatty acids and CoASH. Acyl-coenzyme A thioesterase 12/ACOT12 preferentially hydrolyzes acetyl-CoA.
3	CSHL1	9606.ENSP00000309524	CSHL1	Chorionic somatomammotropin hormone-like 1; May be a novel gestational hormone required to compensate for absence of other members of the GH/CS cluster during gestation.
4	PCTP	9606.ENSP00000460437	PCTP	Phosphatidylcholine transfer protein; Catalyzes the transfer of phosphatidylcholine between membranes. Binds a single lipid molecule.
5	CYB5RL	9606.ENSP00000434343	CYB5RL	NADH-cytochrome b5 reductase-like; NADH-cytochrome b5 reductases are involved in desaturation and elongation of fatty acids, cholesterol biosynthesis, drug metabolism, and, in erythrocyte, methemoglobin reduction. Belongs to the flavoprotein pyridine nucleotide cytochrome reductase family.
6	HLA-G	9606.ENSP00000366024	HLA-G	Soluble HLA class I histocompatibility antigen, alpha chain G; [Isoform 1]: Non-classical major histocompatibility class Ib molecule involved in immune regulatory processes at the maternal-fetal interface. In complex with B2M/beta-2 microglobulin binds a limited repertoire of nonamer self-peptides derived from intracellular proteins including histones and ribosomal proteins. Peptide-bound HLA-G-B2M complex acts as a ligand for inhibitory/activating KIR2DL4, LILRB1 and LILRB2 receptors on uterine immune cells to promote fetal development while maintaining maternal- fetal tolerance. Upon [...] 
7	ABHD17A	9606.ENSP00000250974	ABHD17A	Alpha/beta hydrolase domain-containing protein 17A; Hydrolyzes fatty acids from S-acylated cysteine residues in proteins. Has depalmitoylating activity towards NRAS. Has depalmitoylating activity towards DLG4/PSD95. May have depalmitoylating activity towards MAP6 (By similarity).
8	DCAF17	9606.ENSP00000364404	DCAF17	DDB1- and CUL4-associated factor 17; May function as a substrate receptor for CUL4-DDB1 E3 ubiquitin-protein ligase complex.
9	COPZ1	9606.ENSP00000449270	COPZ1	Coatomer subunit zeta-1; The coatomer is a cytosolic protein complex that binds to dilysine motifs and reversibly associates with Golgi non-clathrin- coated vesicles, which further mediate biosynthetic protein transport from the ER, via the Golgi up to the trans Golgi network. Coatomer complex is required for budding from Golgi membranes, and is essential for the retrograde Golgi-to-ER transport of dilysine-tagged proteins (By similarity). The zeta subunit may be involved in regulating the coat assembly and, hence, the rate of biosynthetic protein transport due to its association-disso [...] 
10	DNAJC27	9606.ENSP00000264711	DNAJC27	DnaJ homolog subfamily C member 27; GTPase which can activate the MEK/ERK pathway and induce cell transformation when overexpressed. May act as a nuclear scaffold for MAPK1, probably by association with MAPK1 nuclear export signal leading to enhanced ERK1/ERK2 signaling.
11	OGG1	9606.ENSP00000306561	OGG1	DNA-(apurinic or apyrimidinic site) lyase; DNA repair enzyme that incises DNA at 8-oxoG residues. Excises 7,8-dihydro-8-oxoguanine and 2,6-diamino-4-hydroxy-5-N- methylformamidopyrimidine (FAPY) from damaged DNA. Has a beta-lyase activity that nicks DNA 3' to the lesion; Belongs to the type-1 OGG1 family.
12	SLC22A7	9606.ENSP00000361666	SLC22A7	Solute carrier family 22 member 7; Mediates sodium-independent multispecific organic anion transport. Transport of prostaglandin E2, prostaglandin F2, tetracycline, bumetanide, estrone sulfate, glutarate, dehydroepiandrosterone sulfate, allopurinol, 5-fluorouracil, paclitaxel, L-ascorbic acid, salicylate, ethotrexate, and alpha- ketoglutarate.
13	THAP4	9606.ENSP00000385006	THAP4	THAP domain containing 4.
14	TRAF3IP2	9606.ENSP00000345984	TRAF3IP2	Adapter protein CIKS; Could be involved in the activation of both NF-kappa-B via a NF-kappa-B inhibitor kinase (IKK)-dependent mechanism and stress- activated protein kinase (SAPK)/JNK.
15	ANKH	9606.ENSP00000284268	ANKH	Progressive ankylosis protein homolog; Regulates intra- and extracellular levels of inorganic pyrophosphate (PPi), probably functioning as PPi transporter; Belongs to the ANKH family.
16	PDCD2	9606.ENSP00000439467	PDCD2	Programmed cell death protein 2; May be a DNA-binding protein with a regulatory function. May play an important role in cell death and/or in regulation of cell proliferation.
17	CAPN10	9606.ENSP00000375844	CAPN10	Calpain-10; Calcium-regulated non-lysosomal thiol-protease which catalyzes limited proteolysis of substrates involved in cytoskeletal remodeling and signal transduction. May play a role in insulin- stimulated glucose uptake; Belongs to the peptidase C2 family.
18	SLC66A1	9606.ENSP00000364295	SLC66A1	Lysosomal amino acid transporter 1 homolog; Amino acid transporter that specifically mediates the pH- dependent export of the cationic amino acids arginine, histidine and lysine from lysosomes.
19	AJUBA	9606.ENSP00000262713	AJUBA	LIM domain-containing protein ajuba; Adapter or scaffold protein which participates in the assembly of numerous protein complexes and is involved in several cellular processes such as cell fate determination, cytoskeletal organization, repression of gene transcription, mitosis, cell-cell adhesion, cell differentiation, proliferation and migration. Contributes to the linking and/or strengthening of epithelia cell-cell junctions in part by linking adhesive receptors to the actin cytoskeleton. May be involved in signal transduction from cell adhesion sites to the nucleus. Plays an importa [...] 
20	MRPL21	9606.ENSP00000354580	MRPL21	Mitochondrial ribosomal protein L21.
22	MAGT1	9606.ENSP00000354649	MAGT1	Magnesium transporter protein 1; Acts as accessory component of the N-oligosaccharyl transferase (OST) complex which catalyzes the transfer of a high mannose oligosaccharide from a lipid-linked oligosaccharide donor to an asparagine residue within an Asn-X-Ser/Thr consensus motif in nascent polypeptide chains. Involved in N-glycosylation of STT3B-dependent substrates. Specifically required for the glycosylation of a subset of acceptor sites that are near cysteine residues; in this function seems to act redundantly with TUSC3. In its oxidized form proposed to form transient mixed disulf [...] 
23	EPHB4	9606.ENSP00000350896	EPHB4	Ephrin type-B receptor 4; Receptor tyrosine kinase which binds promiscuously transmembrane ephrin-B family ligands residing on adjacent cells, leading to contact-dependent bidirectional signaling into neighboring cells. The signaling pathway downstream of the receptor is referred to as forward signaling while the signaling pathway downstream of the ephrin ligand is referred to as reverse signaling. Together with its cognate ligand/functional ligand EFNB2 it is involved in the regulation of cell adhesion and migration, and plays a central role in heart morphogenesis, angiogenesis and bl [...] 
24	EPHA7	9606.ENSP00000358309	EPHA7	Ephrin type-A receptor 7; Receptor tyrosine kinase which binds promiscuously GPI- anchored ephrin-A family ligands residing on adjacent cells, leading to contact-dependent bidirectional signaling into neighboring cells. The signaling pathway downstream of the receptor is referred to as forward signaling while the signaling pathway downstream of the ephrin ligand is referred to as reverse signaling. Among GPI-anchored ephrin-A ligands, EFNA5 is a cognate/functional ligand for EPHA7 and their interaction regulates brain development modulating cell-cell adhesion and repulsion. Has a repel [...] 
25	LETMD1	9606.ENSP00000389903	LETMD1	LETM1 domain-containing protein 1; Involved in tumorigenesis and may function as a negative regulator of the p53/TP53.
26	EPHA10	9606.ENSP00000362139	EPHA10	Ephrin type-A receptor 10; Receptor for members of the ephrin-A family. Binds to EFNA3, EFNA4 and EFNA5; Belongs to the protein kinase superfamily. Tyr protein kinase family. Ephrin receptor subfamily.
27	IL11	9606.ENSP00000264563	IL11	Interleukin-11; Cytokine that stimulates the proliferation of hematopoietic stem cells and megakaryocyte progenitor cells and induces megakaryocyte maturation resulting in increased platelet production. Also promotes the proliferation of hepatocytes in response to liver damage. Binding to its receptor formed by IL6ST and either IL11RA1 or IL11RA2 activates a signaling cascade that promotes cell proliferation. Signaling leads to the activation of intracellular protein kinases and the phosphorylation of STAT3. Belongs to the IL-6 superfamily.
28	ZDHHC13	9606.ENSP00000400113	ZDHHC13	Palmitoyltransferase ZDHHC13; Palmitoyltransferase for HTT and GAD2. May play a role in Mg(2+) transport; Belongs to the DHHC palmitoyltransferase family. AKR/ZDHHC17 subfamily.
29	ARL9	9606.ENSP00000492671	ARL9	ADP-ribosylation factor-like protein 9; ADP ribosylation factor like GTPase 9.
30	TRIB1	9606.ENSP00000312150	TRIB1	Tribbles homolog 1; Adapter protein involved in protein degradation by interacting with COP1 ubiquitin ligase. The COP1- binding motif is masked by autoinhibitory interactions with the protein kinase domain. Serves to alter COP1 substrate specificity by directing the activity of COP1 toward CEBPA. Binds selectively the recognition sequence of CEBPA. Regulates myeloid cell differentiation by altering the expression of CEBPA in a COP1-dependent manner (By similarity). Controls macrophage, eosinophil and neutrophil differentiation via the COP1-binding domain (By similarity). Interacts wit [...] 
31	MTRF1L	9606.ENSP00000356202	MTRF1L	Peptide chain release factor 1-like, mitochondrial; Mitochondrial peptide chain release factor that directs the termination of translation in response to the peptide chain termination codons UAA and UAG.
32	CHIA	9606.ENSP00000358755	CHIA	Acidic mammalian chitinase; Degrades chitin and chitotriose. May participate in the defense against nematodes, fungi and other pathogens. Plays a role in T-helper cell type 2 (Th2) immune response. Contributes to the response to IL-13 and inflammation in response to IL-13. Stimulates chemokine production by pulmonary epithelial cells. Protects lung epithelial cells against apoptosis and promotes phosphorylation of AKT1. Its function in the inflammatory response and in protecting cells against apoptosis is inhibited by allosamidin, suggesting that the function of this protein depends on [...] 
33	NGLY1	9606.ENSP00000280700	NGLY1	Peptide-N(4)-(N-acetyl-beta-glucosaminyl)asparagine amidase; Specifically deglycosylates the denatured form of N-linked glycoproteins in the cytoplasm and assists their proteasome-mediated degradation. Cleaves the beta-aspartyl-glucosamine (GlcNAc) of the glycan and the amide side chain of Asn, converting Asn to Asp. Prefers proteins containing high-mannose over those bearing complex type oligosaccharides. Can recognize misfolded proteins in the endoplasmic reticulum that are exported to the cytosol to be destroyed and deglycosylate them, while it has no activity toward native proteins [...] 
34	ACSM1	9606.ENSP00000301956	ACSM1	Acyl-coenzyme A synthetase ACSM1, mitochondrial; Catalyzes the activation of fatty acids by CoA to produce an acyl-CoA, the first step in fatty acid metabolism. Capable of activating medium-chain fatty acids (e.g. butyric (C4) to decanoic (C10) acids), and certain carboxylate-containing xenobiotics, e.g. benzoate. Also catalyzes the activation of lipoate to lipoyl-nucleoside monophosphate (By similarity). Activates lipoate with GTP at a 1000-fold higher rate than with ATP and activates both (R)- and (S)-lipoate to the respective lipoyl-GMP, with a preference for (R)-lipoate (By similarity).
35	PTCHD1	9606.ENSP00000368666	PTCHD1	Patched domain-containing protein 1; Required for the development and function of the thalamic reticular nucleus (TRN), a part of the thalamus that is critical for thalamocortical transmission, generation of sleep rhythms, sensorimotor processing and attention.
36	EI24	9606.ENSP00000278903	EI24	Etoposide-induced protein 2.4 homolog; Acts as a negative growth regulator via p53-mediated apoptosis pathway. Regulates formation of degradative autolysosomes during autophagy (By similarity); Belongs to the EI24 family.
37	SLC17A5	9606.ENSP00000348019	SLC17A5	Sialin; Transports glucuronic acid and free sialic acid out of the lysosome after it is cleaved from sialoglycoconjugates undergoing degradation, this is required for normal CNS myelination. Mediates aspartate and glutamate membrane potential-dependent uptake into synaptic vesicles and synaptic-like microvesicles. Also functions as an electrogenic 2NO(3)(-)/H(+) cotransporter in the plasma membrane of salivary gland acinar cells, mediating the physiological nitrate efflux, 25% of the circulating nitrate ions is typically removed and secreted in saliva. Belongs to the major facilitator  [...] 
38	SIAE	9606.ENSP00000263593	SIAE	Sialate O-acetylesterase; Catalyzes the removal of O-acetyl ester groups from position 9 of the parent sialic acid, N-acetylneuraminic acid.
39	MYSM1	9606.ENSP00000418734	MYSM1	Histone H2A deubiquitinase MYSM1; Metalloprotease that specifically deubiquitinates monoubiquitinated histone H2A, a specific tag for epigenetic transcriptional repression, thereby acting as a coactivator. Preferentially deubiquitinates monoubiquitinated H2A in hyperacetylated nucleosomes. Deubiquitination of histone H2A leads to facilitate the phosphorylation and dissociation of histone H1 from the nucleosome. Acts as a coactivator by participating in the initiation and elongation steps of androgen receptor (AR)-induced gene activation. Required for correct regulation of hematopoiesis [...] 
40	EPHA2	9606.ENSP00000351209	EPHA2	Ephrin type-A receptor 2; Receptor tyrosine kinase which binds promiscuously membrane- bound ephrin-A family ligands residing on adjacent cells, leading to contact-dependent bidirectional signaling into neighboring cells. The signaling pathway downstream of the receptor is referred to as forward signaling while the signaling pathway downstream of the ephrin ligand is referred to as reverse signaling. Activated by the ligand ephrin- A1/EFNA1 regulates migration, integrin-mediated adhesion, proliferation and differentiation of cells. Regulates cell adhesion and differentiation through DS [...] 
41	HAAO	9606.ENSP00000294973	HAAO	3-hydroxyanthranilate 3,4-dioxygenase; Catalyzes the oxidative ring opening of 3-hydroxyanthranilate to 2-amino-3-carboxymuconate semialdehyde, which spontaneously cyclizes to quinolinate.
42	METTL8	9606.ENSP00000480056	METTL8	mRNA N(3)-methylcytidine methyltransferase METTL8; S-adenosyl-L-methionine-dependent methyltransferase that mediates N(3)-methylcytidine modification of mRNAs.
43	MMP2	9606.ENSP00000219070	MMP2	72 kDa type IV collagenase; Ubiquitinous metalloproteinase that is involved in diverse functions such as remodeling of the vasculature, angiogenesis, tissue repair, tumor invasion, inflammation, and atherosclerotic plaque rupture. As well as degrading extracellular matrix proteins, can also act on several nonmatrix proteins such as big endothelial 1 and beta- type CGRP promoting vasoconstriction. Also cleaves KISS at a Gly-|-Leu bond. Appears to have a role in myocardial cell death pathways. Contributes to myocardial oxidative stress by regulating the activity of GSK3beta. Cleaves GSK3 [...] 
44	PGR	9606.ENSP00000325120	PGR	Progesterone receptor; The steroid hormones and their receptors are involved in the regulation of eukaryotic gene expression and affect cellular proliferation and differentiation in target tissues. Depending on the isoform, progesterone receptor functions as transcriptional activator or repressor. [Isoform B]: Transcriptional activator of several progesteron-dependent promoters in a variety of cell types. Involved in activation of SRC-dependent MAPK signaling on hormone stimulation.
45	RTKN2	9606.ENSP00000362894	RTKN2	Rhotekin-2; May play an important role in lymphopoiesis.
46	SPDYE3	9606.ENSP00000329565	SPDYE3	Speedy protein E3; speedy/RINGO cell cycle regulator family member E3.
47	TRAPPC10	9606.ENSP00000291574	TRAPPC10	Trafficking protein particle complex subunit 10; May play a role in vesicular transport from endoplasmic reticulum to Golgi; Belongs to the TMEM1 family.
48	DNAL1	9606.ENSP00000452037	DNAL1	Dynein light chain 1, axonemal; Part of the multisubunit axonemal ATPase complexes that generate the force for cilia motility and govern beat frequency (By similarity). Component of the outer arm dynein (ODA). May be involved in a mechanosensory feedback mechanism controlling ODA activity based on external conformational cues by tethering the outer arm dynein heavy chain (DNAH5) to the microtubule within the axoneme (By similarity). Important for ciliary function in the airways and for the function of the cilia that produce the nodal flow essential for the determination of the left-rig [...] 
50	STOX1	9606.ENSP00000298596	STOX1	Storkhead-box protein 1; Involved in regulating the levels of reactive oxidative species and reactive nitrogen species and in mitochondrial homeostasis in the placenta. Required for regulation of inner ear epithelial cell proliferation via the AKT signaling pathway (By similarity).
51	OSBPL1A	9606.ENSP00000320291	OSBPL1A	Oxysterol-binding protein-related protein 1; Binds phospholipids; exhibits strong binding to phosphatidic acid and weak binding to phosphatidylinositol 3-phosphate (By similarity). Stabilizes GTP-bound RAB7A on late endosomes/lysosomes and alters functional properties of late endocytic compartments via its interaction with RAB7A. Binds 25-hydroxycholesterol and cholesterol ; Belongs to the OSBP family.
52	VPS54	9606.ENSP00000272322	VPS54	Vacuolar protein sorting-associated protein 54; Acts as component of the GARP complex that is involved in retrograde transport from early and late endosomes to the trans-Golgi network (TGN). The GARP complex is required for the maintenance of the cycling of mannose 6-phosphate receptors between the TGN and endosomes, this cycling is necessary for proper lysosomal sorting of acid hydrolases such as CTSD. Within the GARP complex, required to tether the complex to the TGN. Not involved in endocytic recycling ; Belongs to the VPS54 family.
53	TSSK4	9606.ENSP00000339179	TSSK4	Testis-specific serine/threonine-protein kinase 4; Serine/threonine kinase which is involved in male germ cell development and in mature sperm function (By similarity). May be involved in the Cre/Creb signaling pathway (By similarity). Phosphorylates CREB1 on 'Ser-133' in vitro and can stimulate Cre/Creb pathway in cells. Phosphorylates CREM on 'Ser-116' in vitro (By similarity). Phosphorylates ODF2 on 'Ser-95' (By similarity). Belongs to the protein kinase superfamily. CAMK Ser/Thr protein kinase family.
54	LRRFIP2	9606.ENSP00000338727	LRRFIP2	Leucine-rich repeat flightless-interacting protein 2; May function as activator of the canonical Wnt signaling pathway, in association with DVL3, upstream of CTNNB1/beta-catenin. Positively regulates Toll-like receptor (TLR) signaling in response to agonist probably by competing with the negative FLII regulator for MYD88-binding; Belongs to the LRRFIP family.
55	RGS4	9606.ENSP00000397181	RGS4	Regulator of G-protein signaling 4; Inhibits signal transduction by increasing the GTPase activity of G protein alpha subunits thereby driving them into their inactive GDP-bound form. Activity on G(z)-alpha is inhibited by phosphorylation of the G-protein. Activity on G(z)-alpha and G(i)- alpha-1 is inhibited by palmitoylation of the G-protein.
56	SKA3	9606.ENSP00000319417	SKA3	Spindle and kinetochore-associated protein 3; Component of the SKA1 complex, a microtubule-binding subcomplex of the outer kinetochore that is essential for proper chromosome segregation. The SKA1 complex is a direct component of the kinetochore-microtubule interface and directly associates with microtubules as oligomeric assemblies. The complex facilitates the processive movement of microspheres along a microtubule in a depolymerization-coupled manner. In the complex, it mediates the microtubule- stimulated oligomerization. Affinity for microtubules is synergistically enhanced in the  [...] 
57	CFAP251	9606.ENSP00000288912	WDR66	Cilia- and flagella-associated protein 251; Involved in spermatozoa motility. May also regulate cilium motility through its role in the assembly of the axonemal radial spokes (By similarity).
58	PDE8B	9606.ENSP00000264917	PDE8B	High affinity cAMP-specific and IBMX-insensitive 3',5'-cyclic phosphodiesterase 8B; Hydrolyzes the second messenger cAMP, which is a key regulator of many important physiological processes. May be involved in specific signaling in the thyroid gland.
59	MYNN	9606.ENSP00000326240	MYNN	Myoneurin.
60	RNF212	9606.ENSP00000389709	RNF212	Probable E3 SUMO-protein ligase RNF212; SUMO E3 ligase that acts as a regulator of crossing-over during meiosis: required to couple chromosome synapsis to the formation of crossover-specific recombination complexes. Localizes to recombination sites and stabilizes meiosis-specific recombination factors, such as MutS-gamma complex proteins (MSH4 and MSH5) and TEX11. May mediate sumoylation of target proteins MSH4 and/or MSH5, leading to enhance their binding to recombination sites. Acts as a limiting factor for crossover designation and/or reinforcement and plays an antagonist role with  [...] 
62	ALCAM	9606.ENSP00000305988	ALCAM	CD166 antigen; Cell adhesion molecule that mediates both heterotypic cell- cell contacts via its interaction with CD6, as well as homotypic cell- cell contacts. Promotes T-cell activation and proliferation via its interactions with CD6. Contributes to the formation and maturation of the immunological synapse via its interactions with CD6. Mediates homotypic interactions with cells that express ALCAM. Required for normal hematopoietic stem cell engraftment in the bone marrow. Mediates attachment of dendritic cells onto endothelial cells via homotypic interaction. Inhibits endothelial ce [...] 
63	AK5	9606.ENSP00000346577	AK5	Adenylate kinase isoenzyme 5; Nucleoside monophosphate (NMP) kinase that catalyzes the reversible transfer of the terminal phosphate group between nucleoside triphosphates and monophosphates. Active on AMP and dAMP with ATP as a donor. When GTP is used as phosphate donor, the enzyme phosphorylates AMP, CMP, and to a small extent dCMP. Also displays broad nucleoside diphosphate kinase activity.
64	MASP1	9606.ENSP00000296280	MASP1	Mannan binding lectin serine peptidase 1.
65	CCDC150	9606.ENSP00000373827	CCDC150	Coiled-coil domain containing 150.
66	CBR4	9606.ENSP00000303525	CBR4	Carbonyl reductase family member 4; The heterotetramer with HSD17B8 has NADH-dependent 3- ketoacyl-acyl carrier protein reductase activity, and thereby plays a role in mitochondrial fatty acid biosynthesis. Within the heterotetramer, HSD17B8 binds NADH; CBR4 binds NADPD. The homotetramer has NADPH-dependent quinone reductase activity. Both homotetramer and the heterotetramer have broad substrate specificity and can reduce 9,10- phenanthrenequinone, 1,4-benzoquinone and various other o-quinones and p-quinones (in vitro).
67	PIBF1	9606.ENSP00000317144	PIBF1	Progesterone-induced-blocking factor 1; Plays a role in ciliogenesis. [Isoform 4]: The secreted form is a mediator of progesterone that by acting on the phospholipase A2 enzyme interferes with arachidonic acid metabolism, induces a Th2 biased immune response, and by controlling decidual naturakl killer cells (NK) activity exerts an anti-abortive effect. Increases the production of Th2-type cytokines by signaling via the JAK/STAT pathway. Activates STAT6 and inhibits STAT4 phosphorylation. Signaling via a not identified receptor seems to implicate IL4R and a GPI-anchored protein.
68	ACOT7	9606.ENSP00000367086	ACOT7	Cytosolic acyl coenzyme A thioester hydrolase; Acyl-CoA thioesterases are a group of enzymes that catalyze the hydrolysis of acyl-CoAs to the free fatty acid and coenzyme A (CoASH), providing the potential to regulate intracellular levels of acyl-CoAs, free fatty acids and CoASH. Acyl-coenzyme A thioesterase 7/ACOT7 preferentially hydrolyzes palmitoyl-CoA, but has a broad specificity acting on other fatty acyl-CoAs with chain-lengths of C8-C18. May play an important physiological function in brain.
69	BACE2	9606.ENSP00000332979	BACE2	Beta-secretase 2; Responsible for the proteolytic processing of the amyloid precursor protein (APP). Cleaves APP, between residues 690 and 691, leading to the generation and extracellular release of beta-cleaved soluble APP, and a corresponding cell-associated C-terminal fragment which is later released by gamma-secretase. It has also been shown that it can cleave APP between residues 671 and 672. Responsible also for the proteolytic processing of CLTRN in pancreatic beta cells. Belongs to the peptidase A1 family.
70	CFLAR	9606.ENSP00000312455	CFLAR	CASP8 and FADD-like apoptosis regulator subunit p12; Apoptosis regulator protein which may function as a crucial link between cell survival and cell death pathways in mammalian cells. Acts as an inhibitor of TNFRSF6 mediated apoptosis. A proteolytic fragment (p43) is likely retained in the death-inducing signaling complex (DISC) thereby blocking further recruitment and processing of caspase-8 at the complex. Full length and shorter isoforms have been shown either to induce apoptosis or to reduce TNFRSF-triggered apoptosis. Lacks enzymatic (caspase) activity. Belongs to the peptidase C1 [...] 
71	SLC14A2	9606.ENSP00000255226	SLC14A2	Urea transporter 2; Specialized low-affinity vasopressin-regulated urea transporter. Mediates rapid transepithelial urea transport across the inner medullary collecting duct and plays a major role in the urinary concentrating mechanism.
72	SRGAP3	9606.ENSP00000373347	SRGAP3	SLIT-ROBO Rho GTPase-activating protein 3; GTPase-activating protein for RAC1 and perhaps Cdc42, but not for RhoA small GTPase. May attenuate RAC1 signaling in neurons.
73	GFER	9606.ENSP00000248114	GFER	FAD-linked sulfhydryl oxidase ALR; [Isoform 1]: FAD-dependent sulfhydryl oxidase that regenerates the redox-active disulfide bonds in CHCHD4/MIA40, a chaperone essential for disulfide bond formation and protein folding in the mitochondrial intermembrane space. The reduced form of CHCHD4/MIA40 forms a transient intermolecular disulfide bridge with GFER/ERV1, resulting in regeneration of the essential disulfide bonds in CHCHD4/MIA40, while GFER/ERV1 becomes re-oxidized by donating electrons to cytochrome c or molecular oxygen.
74	PDGFC	9606.ENSP00000422464	PDGFC	Platelet-derived growth factor C, receptor-binding form; Growth factor that plays an essential role in the regulation of embryonic development, cell proliferation, cell migration, survival and chemotaxis. Potent mitogen and chemoattractant for cells of mesenchymal origin. Required for normal skeleton formation during embryonic development, especially for normal development of the craniofacial skeleton and for normal development of the palate. Required for normal skin morphogenesis during embryonic development. Plays an important role in wound healing, where it appears to be involved in [...] 
75	NPAS4	9606.ENSP00000311196	NPAS4	Neuronal PAS domain-containing protein 4; Transcription factor expressed in neurons of the brain that regulates the excitatory-inhibitory balance within neural circuits and is required for contextual memory in the hyppocampus (By similarity). Plays a key role in the structural and functional plasticity of neurons (By similarity). Acts as an early-response transcription factor in both excitatory and inhibitory neurons, where it induces distinct but overlapping sets of late-response genes in these two types of neurons, allowing the synapses that form on inhibitory and excitatory neurons  [...] 
76	FH	9606.ENSP00000355518	FH	Fumarate hydratase, mitochondrial; Catalyzes the reversible stereospecific interconversion of fumarate to L-malate. Experiments in other species have demonstrated that specific isoforms of this protein act in defined pathways and favor one direction over the other (Probable).  [Isoform Cytoplasmic]: Catalyzes the dehydration of L-malate to fumarate (By similarity). Fumarate metabolism in the cytosol plays a role during urea cycle and arginine metabolism; fumarate being a by- product of the urea cycle and amino-acid catabolism (By similarity). Also plays a role in DNA repair by promotin [...] 
77	NLRP12	9606.ENSP00000375653	NLRP12	NACHT, LRR and PYD domains-containing protein 12; Plays an essential role as an potent mitigator of inflammation. Primarily expressed in dendritic cells and macrophages, inhibits both canonical and non-canonical NF-kappa-B and ERK activation pathways. Functions as a negative regulator of NOD2 by targeting it to degradation via the proteasome pathway. In turn, promotes bacterial tolerance. Inhibits also the DDX58-mediated immune signaling against RNA viruses by reducing the E3 ubiquitin ligase TRIM25-mediated 'Lys-63'-linked DDX58 activation but enhancing the E3 ubiquitin ligase RNF125- [...] 
78	CEP70	9606.ENSP00000264982	CEP70	Centrosomal protein of 70 kDa; Plays a role in the organization of both preexisting and nascent microtubules in interphase cells. During mitosis, required for the organization and orientation of the mitotic spindle.
79	CTSL	9606.ENSP00000345344	CTSL	Cathepsin L1 heavy chain; Thiol protease important for the overall degradation of proteins in lysosomes (Probable). Involved in the solubilization of cross-linked TG/thyroglobulin and in the subsequent release of thyroid hormone thyroxine (T4) by limited proteolysis of TG/thyroglobulin in the thyroid follicle lumen (By similarity).
80	SEMA6D	9606.ENSP00000324857	SEMA6D	Semaphorin-6D; Shows growth cone collapsing activity on dorsal root ganglion (DRG) neurons in vitro. May be a stop signal for the DRG neurons in their target areas, and possibly also for other neurons. May also be involved in the maintenance and remodeling of neuronal connections; Belongs to the semaphorin family.
81	NFIB	9606.ENSP00000370340	NFIB	Nuclear factor 1 B-type; Transcriptional activator of GFAP, essential for proper brain development. Recognizes and binds the palindromic sequence 5'-TTGGCNNNNNGCCAA-3' present in viral and cellular promoters and in the origin of replication of adenovirus type 2. These proteins are individually capable of activating transcription and replication. Belongs to the CTF/NF-I family.
82	ARMC3	9606.ENSP00000298032	ARMC3	Armadillo repeat containing 3.
83	PECR	9606.ENSP00000265322	PECR	Peroxisomal trans-2-enoyl-CoA reductase; Participates in chain elongation of fatty acids. Has no 2,4- dienoyl-CoA reductase activity.
84	EFCC1	9606.ENSP00000414597	EFCC1	EF-hand and coiled-coil domain containing 1.
85	CDYL	9606.ENSP00000380718	CDYL	Chromodomain Y-like protein; [Isoform 2]: Chromatin reader protein that recognizes and binds histone H3 trimethylated at 'Lys-9', dimethylated at 'Lys-27' and trimethylated at 'Lys-27' (H3K9me3, H3K27me2 and H3K27me3, respectively). Part of multimeric repressive chromatin complexes, where it is required for transmission and restoration of repressive histone marks, thereby preserving the epigenetic landscape. Required for chromatin targeting and maximal enzymatic activity of Polycomb repressive complex 2 (PRC2); acts as a positive regulator of PRC2 activity by bridging the pre-existing  [...] 
86	TBC1D22A	9606.ENSP00000336724	TBC1D22A	TBC1 domain family member 22A; May act as a GTPase-activating protein for Rab family protein(s).
87	GRIA4	9606.ENSP00000282499	GRIA4	Glutamate receptor 4; Receptor for glutamate that functions as ligand-gated ion channel in the central nervous system and plays an important role in excitatory synaptic transmission. L-glutamate acts as an excitatory neurotransmitter at many synapses in the central nervous system. Binding of the excitatory neurotransmitter L-glutamate induces a conformation change, leading to the opening of the cation channel, and thereby converts the chemical signal to an electrical impulse. The receptor then desensitizes rapidly and enters a transient inactive state, characterized by the presence of  [...] 
88	RAB3IP	9606.ENSP00000447300	RAB3IP	Rab-3A-interacting protein; Guanine nucleotide exchange factor (GEF) which may activate RAB8A and RAB8B. Promotes the exchange of GDP to GTP, converting inactive GDP-bound Rab proteins into their active GTP-bound form. Mediates the release of GDP from RAB8A and RAB8B but not from RAB3A or RAB5. Modulates actin organization and promotes polarized transport of RAB8A-specific vesicles to the cell surface. Together with RAB11A, RAB8A, the exocyst complex, PARD3, PRKCI, ANXA2, CDC42 and DNMBP promotes transcytosis of PODXL to the apical membrane initiation sites (AMIS), apical surface forma [...] 
89	SEPTIN9	9606.ENSP00000391249	SEPTIN9	Septin-9; Filament-forming cytoskeletal GTPase (By similarity). May play a role in cytokinesis (Potential). May play a role in the internalization of 2 intracellular microbial pathogens, Listeria monocytogenes and Shigella flexneri; Belongs to the TRAFAC class TrmE-Era-EngA-EngB-Septin-like GTPase superfamily. Septin GTPase family.
90	NR2F2	9606.ENSP00000377721	NR2F2	COUP transcription factor 2; Ligand-activated transcription factor. Activated by high concentrations of 9-cis-retinoic acid and all-trans-retinoic acid, but not by dexamethasone, cortisol or progesterone (in vitro). Regulation of the apolipoprotein A-I gene transcription. Binds to DNA site A.
91	SPATC1L	9606.ENSP00000291672	SPATC1L	Speriolin-like protein; Spermatogenesis and centriole associated 1 like.
92	INTS3	9606.ENSP00000318641	INTS3	Integrator complex subunit 3; Component of the Integrator (INT) complex. The Integrator complex is involved in the small nuclear RNAs (snRNA) U1 and U2 transcription and in their 3'-box-dependent processing. The Integrator complex is associated with the C-terminal domain (CTD) of RNA polymerase II largest subunit (POLR2A) and is recruited to the U1 and U2 snRNAs genes (Probable). Mediates recruitment of cytoplasmic dynein to the nuclear envelope, probably as component of the INT complex.
93	GCDH	9606.ENSP00000466845	GCDH	Glutaryl-CoA dehydrogenase, mitochondrial; Catalyzes the oxidative decarboxylation of glutaryl-CoA to crotonyl-CoA and CO(2) in the degradative pathway of L-lysine, L- hydroxylysine, and L-tryptophan metabolism. It uses electron transfer flavoprotein as its electron acceptor. Isoform Short is inactive. Belongs to the acyl-CoA dehydrogenase family.
94	PML	9606.ENSP00000268058	PML	Protein PML; Functions via its association with PML-nuclear bodies (PML- NBs) in a wide range of important cellular processes, including tumor suppression, transcriptional regulation, apoptosis, senescence, DNA damage response, and viral defense mechanisms. Acts as the scaffold of PML-NBs allowing other proteins to shuttle in and out, a process which is regulated by SUMO-mediated modifications and interactions. Isoform PML-4 has a multifaceted role in the regulation of apoptosis and growth suppression: activates RB1 and inhibits AKT1 via interactions with PP1 and PP2A phosphatases resp [...] 
95	ALLC	9606.ENSP00000252505	ALLC	Probable allantoicase; The function of this enzyme is unclear as allantoicase activity is not known to exist in mammals.
96	ZNF24	9606.ENSP00000382015	ZNF24	Zinc finger protein 24; Transcription factor required for myelination of differentiated oligodendrocytes. Required for the conversion of oligodendrocytes from the premyelinating to the myelinating state. In the developing central nervous system (CNS), involved in the maintenance in the progenitor stage by promoting the cell cycle. Specifically binds to the 5'-TCAT-3' DNA sequence (By similarity). Has transcription repressor activity in vitro; Belongs to the krueppel C2H2-type zinc-finger protein family.
97	TRIP10	9606.ENSP00000320117	TRIP10	Cdc42-interacting protein 4; Required for translocation of GLUT4 to the plasma membrane in response to insulin signaling (By similarity). Required to coordinate membrane tubulation with reorganization of the actin cytoskeleton during endocytosis. Binds to lipids such as phosphatidylinositol 4,5- bisphosphate and phosphatidylserine and promotes membrane invagination and the formation of tubules. Also promotes CDC42-induced actin polymerization by recruiting WASL/N-WASP which in turn activates the Arp2/3 complex. Actin polymerization may promote the fission of membrane tubules to form en [...] 
98	CASP5	9606.ENSP00000376849	CASP5	Caspase-5 subunit p10; Mediator of programmed cell death (apoptosis). During non- canonical inflammasome activation, cuts CGAS and may play a role in the regulation of antiviral innate immune activation.
99	SCARF1	9606.ENSP00000263071	SCARF1	Scavenger receptor class F member 1; Mediates the binding and degradation of acetylated low density lipoprotein (Ac-LDL). Mediates heterophilic interactions, suggesting a function as adhesion protein. Plays a role in the regulation of neurite-like outgrowth (By similarity).
100	PDE9A	9606.ENSP00000291539	PDE9A	High affinity cGMP-specific 3',5'-cyclic phosphodiesterase 9A; Specifically hydrolyzes the second messenger cGMP, which is a key regulator of many important physiological processes. Highly specific: compared to other members of the cyclic nucleotide phosphodiesterase family, has the highest affinity and selectivity for cGMP. Specifically regulates natriuretic-peptide-dependent cGMP signaling in heart, acting as a regulator of cardiac hypertrophy in myocytes and muscle. Does not regulate nitric oxide-dependent cGMP in heart. Additional experiments are required to confirm whether its abi [...] 
101	VEGFA	9606.ENSP00000352798	COL18A1	Collagen alpha-1(XVIII) chain; Probably plays a major role in determining the retinal structure as well as in the closure of the neural tube.  Endostatin: Potently inhibits endothelial cell proliferation and angiogenesis. May inhibit angiogenesis by binding to the heparan sulfate proteoglycans involved in growth factor signaling (By similarity). Inhibits VEGFA-induced endothelial cell proliferation and migration. Seems to inhibit VEGFA-mediated signaling by blocking the interaction of VEGFA to its receptor KDR/VEGFR2. Modulates endothelial cell migration in an integrin-dependent manner [...] 
102	MFN1	9606.ENSP00000420617	MFN1	Mitofusin-1; Mitochondrial outer membrane GTPase that mediates mitochondrial clustering and fusion. Membrane clustering requires GTPase activity. It may involve a major rearrangement of the coiled coil domains. Mitochondria are highly dynamic organelles, and their morphology is determined by the equilibrium between mitochondrial fusion and fission events. Overexpression induces the formation of mitochondrial networks (in vitro). Has low GTPase activity.
103	NOS3	9606.ENSP00000297494	NOS3	Nitric oxide synthase, endothelial; Produces nitric oxide (NO) which is implicated in vascular smooth muscle relaxation through a cGMP-mediated signal transduction pathway. NO mediates vascular endothelial growth factor (VEGF)-induced angiogenesis in coronary vessels and promotes blood clotting through the activation of platelets; Belongs to the NOS family.
104	TBC1D2	9606.ENSP00000481721	TBC1D2	TBC1 domain family member 2A; Acts as GTPase-activating protein for RAB7A. Signal effector acting as a linker between RAC1 and RAB7A, leading to RAB7A inactivation and subsequent inhibition of cadherin degradation and reduced cell-cell adhesion.
105	TFAP2C	9606.ENSP00000201031	TFAP2C	Transcription factor AP-2 gamma; Sequence-specific DNA-binding protein that interacts with inducible viral and cellular enhancer elements to regulate transcription of selected genes. AP-2 factors bind to the consensus sequence 5'-GCCNNNGGC-3' and activate genes involved in a large spectrum of important biological functions including proper eye, face, body wall, limb and neural tube development. They also suppress a number of genes including MCAM/MUC18, C/EBP alpha and MYC. Involved in the MTA1-mediated epigenetic regulation of ESR1 expression in breast cancer.
106	MASP2	9606.ENSP00000383690	MASP2	Mannan-binding lectin serine protease 2 A chain; Serum protease that plays an important role in the activation of the complement system via mannose-binding lectin. After activation by auto-catalytic cleavage it cleaves C2 and C4, leading to their activation and to the formation of C3 convertase.
107	MCTP1	9606.ENSP00000424126	MCTP1	Multiple C2 and transmembrane domain-containing protein 1; Calcium sensor which is essential for the stabilization of normal baseline neurotransmitter release and for the induction and long-term maintenance of presynaptic homeostatic plasticity. Belongs to the MCTP family.
108	UPRT	9606.ENSP00000362481	UPRT	Uracil phosphoribosyltransferase homolog; Belongs to the UPRTase family.
109	UMPS	9606.ENSP00000232607	UMPS	Orotidine 5'-phosphate decarboxylase; Uridine monophosphate synthetase; In the C-terminal section; belongs to the OMP decarboxylase family.
110	RIOX1	9606.ENSP00000477507	RIOX1	Ribosomal oxygenase 1; Oxygenase that can act as both a histone lysine demethylase and a ribosomal histidine hydroxylase. Specifically demethylates 'Lys- 4' (H3K4me) and 'Lys-36' (H3K36me) of histone H3, thereby playing a central role in histone code. Preferentially demethylates trimethylated H3 'Lys-4' (H3K4me3) and monomethylated H3 'Lys-4' (H3K4me1) residues, while it has weaker activity for dimethylated H3 'Lys-36' (H3K36me2). Also catalyzes the hydroxylation of 60S ribosomal protein L8 on 'His- 216'. Acts as a regulator of osteoblast differentiation via its interaction with SP7/OS [...] 
111	NCAM1	9606.ENSP00000480132	NCAM1	Neural cell adhesion molecule 1; This protein is a cell adhesion molecule involved in neuron- neuron adhesion, neurite fasciculation, outgrowth of neurites, etc.
112	PIP4K2B	9606.ENSP00000482548	PIP4K2B	Phosphatidylinositol 5-phosphate 4-kinase type-2 beta; Participates in the biosynthesis of phosphatidylinositol 4,5- bisphosphate.
113	ASNS	9606.ENSP00000377845	ASNS	Asparagine synthetase.
114	WEE1	9606.ENSP00000402084	WEE1	Wee1-like protein kinase; Acts as a negative regulator of entry into mitosis (G2 to M transition) by protecting the nucleus from cytoplasmically activated cyclin B1-complexed CDK1 before the onset of mitosis by mediating phosphorylation of CDK1 on 'Tyr-15'. Specifically phosphorylates and inactivates cyclin B1-complexed CDK1 reaching a maximum during G2 phase and a minimum as cells enter M phase. Phosphorylation of cyclin B1-CDK1 occurs exclusively on 'Tyr-15' and phosphorylation of monomeric CDK1 does not occur. Its activity increases during S and G2 phases and decreases at M phase wh [...] 
115	TERF2	9606.ENSP00000254942	TERF2	Telomeric repeat-binding factor 2; Binds the telomeric double-stranded 5'-TTAGGG-3' repeat and plays a central role in telomere maintenance and protection against end-to-end fusion of chromosomes. In addition to its telomeric DNA- binding role, required to recruit a number of factors and enzymes required for telomere protection, including the shelterin complex, TERF2IP/RAP1 and DCLRE1B/Apollo. Component of the shelterin complex (telosome) that is involved in the regulation of telomere length and protection. Shelterin associates with arrays of double-stranded 5'- TTAGGG-3' repeats added [...] 
116	P3H1	9606.ENSP00000236040	P3H1	Prolyl 3-hydroxylase 1; Basement membrane-associated chondroitin sulfate proteoglycan (CSPG). Has prolyl 3-hydroxylase activity catalyzing the post- translational formation of 3-hydroxyproline in -Xaa-Pro-Gly- sequences in collagens, especially types IV and V. May be involved in the secretory pathway of cells. Has growth suppressive activity in fibroblasts.
117	REEP3	9606.ENSP00000362863	REEP3	Receptor expression-enhancing protein 3; Microtubule-binding protein required to ensure proper cell division and nuclear envelope reassembly by sequestering the endoplasmic reticulum away from chromosomes during mitosis. Probably acts by clearing the endoplasmic reticulum membrane from metaphase chromosomes; Belongs to the DP1 family.
118	MTX1	9606.ENSP00000357360	MTX1	Metaxin-1; Involved in transport of proteins into the mitochondrion. Essential for embryonic development (By similarity).
119	NRL	9606.ENSP00000454062	NRL	Neural retina-specific leucine zipper protein; Acts as a transcriptional activator which regulates the expression of several rod-specific genes, including RHO and PDE6B. Functions also as a transcriptional coactivator, stimulating transcription mediated by the transcription factor CRX and NR2E3. Binds in a sequence-specific manner to the rhodopsin promoter.
120	GRIK2	9606.ENSP00000397026	GRIK2	Glutamate receptor ionotropic, kainate 2; Ionotropic glutamate receptor. L-glutamate acts as an excitatory neurotransmitter at many synapses in the central nervous system. Binding of the excitatory neurotransmitter L-glutamate induces a conformation change, leading to the opening of the cation channel, and thereby converts the chemical signal to an electrical impulse. The receptor then desensitizes rapidly and enters a transient inactive state, characterized by the presence of bound agonist. May be involved in the transmission of light information from the retina to the hypothalamus. M [...] 
121	CDCP1	9606.ENSP00000296129	CDCP1	CUB domain-containing protein 1; May be involved in cell adhesion and cell matrix association. May play a role in the regulation of anchorage versus migration or proliferation versus differentiation via its phosphorylation. May be a novel marker for leukemia diagnosis and for immature hematopoietic stem cell subsets. Belongs to the tetraspanin web involved in tumor progression and metastasis.
122	PRDX5	9606.ENSP00000265462	PRDX5	Peroxiredoxin-5, mitochondrial; Thiol-specific peroxidase that catalyzes the reduction of hydrogen peroxide and organic hydroperoxides to water and alcohols, respectively. Plays a role in cell protection against oxidative stress by detoxifying peroxides and as sensor of hydrogen peroxide-mediated signaling events; Belongs to the peroxiredoxin family. Prx5 subfamily.
123	PANK2	9606.ENSP00000313377	PANK2	Pantothenate kinase 2, mitochondrial; May be the master regulator of the CoA biosynthesis. Belongs to the type II pantothenate kinase family.
124	PCSK6	9606.ENSP00000482760	PCSK6	Proprotein convertase subtilisin/kexin type 6; Serine endoprotease that processes various proproteins by cleavage at paired basic amino acids, recognizing the RXXX[KR]R consensus motif. Likely functions in the constitutive secretory pathway, with unique restricted distribution in both neuroendocrine and non-neuroendocrine tissues.
125	HLF	9606.ENSP00000226067	HLF	Hepatic leukemia factor; HLF transcription factor, PAR bZIP family member; Belongs to the bZIP family. PAR subfamily.
126	ZC4H2	9606.ENSP00000363972	ZC4H2	Zinc finger C4H2 domain-containing protein; Plays a role in interneurons differentiation. Involved in neuronal development and in neuromuscular junction formation.
127	TIGIT	9606.ENSP00000419085	TIGIT	T-cell immunoreceptor with Ig and ITIM domains; Binds with high affinity to the poliovirus receptor (PVR) which causes increased secretion of IL10 and decreased secretion of IL12B and suppresses T-cell activation by promoting the generation of mature immunoregulatory dendritic cells.
128	MAX	9606.ENSP00000351490	MAX	Protein max; Transcription regulator. Forms a sequence-specific DNA- binding protein complex with MYC or MAD which recognizes the core sequence 5'-CAC[GA]TG-3'. The MYC:MAX complex is a transcriptional activator, whereas the MAD:MAX complex is a repressor. May repress transcription via the recruitment of a chromatin remodeling complex containing H3 'Lys-9' histone methyltransferase activity. Represses MYC transcriptional activity from E-box elements.
129	DIABLO	9606.ENSP00000499058	DIABLO	Diablo IAP-binding mitochondrial protein.
130	TMC5	9606.ENSP00000379531	TMC5	Transmembrane channel-like protein 5; Probable ion channel.
131	TLK1	9606.ENSP00000411099	TLK1	Serine/threonine-protein kinase tousled-like 1; Rapidly and transiently inhibited by phosphorylation following the generation of DNA double-stranded breaks during S-phase. This is cell cycle checkpoint and ATM-pathway dependent and appears to regulate processes involved in chromatin assembly. Isoform 3 phosphorylates and enhances the stability of the t-SNARE SNAP23, augmenting its assembly with syntaxin. Isoform 3 protects the cells from the ionizing radiation by facilitating the repair of DSBs. In vitro, phosphorylates histone H3 at 'Ser-10'. Belongs to the protein kinase superfamily. [...] 
132	RSBN1L	9606.ENSP00000334040	RSBN1L	Lysine-specific demethylase RSBN1L; Lysine-specific demethylase that specifically demethylates methylated lysine residues of proteins; Belongs to the round spermatid basic protein 1 family.
133	CHEK2	9606.ENSP00000372023	CHEK2	Serine/threonine-protein kinase Chk2; Serine/threonine-protein kinase which is required for checkpoint-mediated cell cycle arrest, activation of DNA repair and apoptosis in response to the presence of DNA double-strand breaks. May also negatively regulate cell cycle progression during unperturbed cell cycles. Following activation, phosphorylates numerous effectors preferentially at the consensus sequence [L-X-R-X-X-S/T]. Regulates cell cycle checkpoint arrest through phosphorylation of CDC25A, CDC25B and CDC25C, inhibiting their activity. Inhibition of CDC25 phosphatase activity leads  [...] 
134	BTN3A1	9606.ENSP00000289361	BTN3A1	Butyrophilin subfamily 3 member A1; Plays a role in T-cell activation and in the adaptive immune response. Regulates the proliferation of activated T-cells. Regulates the release of cytokines and IFNG by activated T-cells. Mediates the response of T-cells toward infected and transformed cells that are characterized by high levels of phosphorylated metabolites, such as isopentenyl pyrophosphate.
135	RARB	9606.ENSP00000332296	RARB	Retinoic acid receptor beta; Receptor for retinoic acid. Retinoic acid receptors bind as heterodimers to their target response elements in response to their ligands, all-trans or 9-cis retinoic acid, and regulate gene expression in various biological processes. The RXR/RAR heterodimers bind to the retinoic acid response elements (RARE) composed of tandem 5'-AGGTCA-3' sites known as DR1-DR5. In the absence or presence of hormone ligand, acts mainly as an activator of gene expression due to weak binding to corepressors. The RXRA/RARB heterodimer can act as a repressor on the DR1 element  [...] 
136	GDNF	9606.ENSP00000409007	GDNF	Glial cell line-derived neurotrophic factor; Neurotrophic factor that enhances survival and morphological differentiation of dopaminergic neurons and increases their high- affinity dopamine uptake; Belongs to the TGF-beta family. GDNF subfamily.
137	TNFAIP1	9606.ENSP00000226225	TNFAIP1	BTB/POZ domain-containing adapter for CUL3-mediated RhoA degradation protein 2; Substrate-specific adapter of a BCR (BTB-CUL3-RBX1) E3 ubiquitin-protein ligase complex involved in regulation of cytoskeleton structure. The BCR(TNFAIP1) E3 ubiquitin ligase complex mediates the ubiquitination of RHOA, leading to its degradation by the proteasome, thereby regulating the actin cytoskeleton and cell migration. Its interaction with RHOB may regulate apoptosis. May enhance the PCNA- dependent DNA polymerase delta activity; Belongs to the BACURD family.
138	CADM1	9606.ENSP00000329797	CADM1	Cell adhesion molecule 1; Mediates homophilic cell-cell adhesion in a Ca(2+)- independent manner. Also mediates heterophilic cell-cell adhesion with CADM3 and NECTIN3 in a Ca(2+)-independent manner. Acts as a tumor suppressor in non-small-cell lung cancer (NSCLC) cells. Interaction with CRTAM promotes natural killer (NK) cell cytotoxicity and interferon-gamma (IFN-gamma) secretion by CD8+ cells in vitro as well as NK cell-mediated rejection of tumors expressing CADM3 in vivo. May contribute to the less invasive phenotypes of lepidic growth tumor cells. In mast cells, may mediate attach [...] 
139	NLRP3	9606.ENSP00000337383	NLRP3	NACHT, LRR and PYD domains-containing protein 3; As the sensor component of the NLRP3 inflammasome, plays a crucial role in innate immunity and inflammation. In response to pathogens and other damage-associated signals, initiates the formation of the inflammasome polymeric complex, made of NLRP3, PYCARD and CASP1 (and possibly CASP4 and CASP5). Recruitment of proCASP1 to the inflammasome promotes its activation and CASP1-catalyzed IL1B and IL18 maturation and secretion in the extracellular milieu. Activation of NLRP3 inflammasome is also required for HMGB1 secretion. The active cytokin [...] 
140	BTBD6	9606.ENSP00000376337	BTBD6	BTB/POZ domain-containing protein 6; Adapter protein for the cul3 E3 ubiquitin-protein ligase complex (By similarity). Involved in late neuronal development and muscle formation (By similarity).
141	ESR1	9606.ENSP00000405330	ESR1	Estrogen receptor; Nuclear hormone receptor. The steroid hormones and their receptors are involved in the regulation of eukaryotic gene expression and affect cellular proliferation and differentiation in target tissues. Ligand-dependent nuclear transactivation involves either direct homodimer binding to a palindromic estrogen response element (ERE) sequence or association with other DNA-binding transcription factors, such as AP-1/c-Jun, c-Fos, ATF-2, Sp1 and Sp3, to mediate ERE- independent signaling. Ligand binding induces a conformational change allowing subsequent or combinatorial a [...] 
142	PSPC1	9606.ENSP00000343966	PSPC1	Paraspeckle component 1; Regulates, cooperatively with NONO and SFPQ, androgen receptor-mediated gene transcription activity in Sertoli cell line (By similarity). Binds to poly(A), poly(G) and poly(U) RNA homopolymers. Regulates the circadian clock by repressing the transcriptional activator activity of the CLOCK-ARNTL/BMAL1 heterodimer (By similarity). Together with NONO, required for the formation of nuclear paraspeckles. Plays a role in the regulation of DNA virus-mediated innate immune response by assembling into the HDP-RNP complex, a complex that serves as a platform for IRF3 pho [...] 
143	SCYL1	9606.ENSP00000270176	SCYL1	N-terminal kinase-like protein; Regulates COPI-mediated retrograde protein traffic at the interface between the Golgi apparatus and the endoplasmic reticulum. Involved in the maintenance of the Golgi apparatus morphology. Has no detectable kinase activity in vitro.
145	MCTP2	9606.ENSP00000350377	MCTP2	Multiple C2 and transmembrane domain-containing protein 2; Might play a role in the development of cardiac outflow tract; Belongs to the MCTP family.
146	B4GALNT2	9606.ENSP00000300404	B4GALNT2	Beta-1,4 N-acetylgalactosaminyltransferase 2; Involved in the synthesis of the Sd(a) antigen (Sia-alpha2,3- [GalNAc-beta1,4]Gal-beta1,4-GlcNAc), a carbohydrate determinant expressed on erythrocytes, the colonic mucosa and other tissues. Transfers a beta-1,4-linked GalNAc to the galactose residue of an alpha-2,3-sialylated chain.
147	CAPN3	9606.ENSP00000380349	CAPN3	Calpain-3; Calcium-regulated non-lysosomal thiol-protease; Belongs to the peptidase C2 family.
148	NAAA	9606.ENSP00000286733	NAAA	N-acylethanolamine-hydrolyzing acid amidase subunit alpha; Degrades bioactive fatty acid amides to their corresponding acids, with the following preference: N-palmitoylethanolamine > N- myristoylethanolamine > N-lauroylethanolamine = N-stearoylethanolamine > N-arachidonoylethanolamine > N-oleoylethanolamine. Also exhibits weak hydrolytic activity against the ceramides N-lauroylsphingosine and N- palmitoylsphingosine.
149	DUT	9606.ENSP00000370376	DUT	Deoxyuridine 5'-triphosphate nucleotidohydrolase, mitochondrial; This enzyme is involved in nucleotide metabolism: it produces dUMP, the immediate precursor of thymidine nucleotides and it decreases the intracellular concentration of dUTP so that uracil cannot be incorporated into DNA.
150	CASP9	9606.ENSP00000330237	CASP9	Caspase-9 subunit p10; Involved in the activation cascade of caspases responsible for apoptosis execution. Binding of caspase-9 to Apaf-1 leads to activation of the protease which then cleaves and activates caspase-3. Promotes DNA damage-induced apoptosis in a ABL1/c-Abl-dependent manner. Proteolytically cleaves poly(ADP-ribose) polymerase (PARP); Belongs to the peptidase C14A family.
151	PAIP1	9606.ENSP00000302768	PAIP1	Polyadenylate-binding protein-interacting protein 1; Acts as a coactivator in the regulation of translation initiation of poly(A)-containing mRNAs. Its stimulatory activity on translation is mediated via its action on PABPC1. Competes with PAIP2 for binding to PABPC1. Its association with EIF4A and PABPC1 may potentiate contacts between mRNA termini. May also be involved in translationally coupled mRNA turnover. Implicated with other RNA- binding proteins in the cytoplasmic deadenylation/translational and decay interplay of the FOS mRNA mediated by the major coding-region determinant o [...] 
152	TMC3	9606.ENSP00000352413	TMC3	Transmembrane channel-like protein 3; Probable ion channel.
153	NUDT6	9606.ENSP00000306070	NUDT6	Nucleoside diphosphate-linked moiety X motif 6; May contribute to the regulation of cell proliferation. Belongs to the Nudix hydrolase family.
154	MPZL1	9606.ENSP00000352513	MPZL1	Myelin protein zero-like protein 1; Cell surface receptor, which is involved in signal transduction processes. Recruits PTPN11/SHP-2 to the cell membrane and is a putative substrate of PTPN11/SHP-2. Is a major receptor for concanavalin-A (ConA) and is involved in cellular signaling induced by ConA, which probably includes Src family tyrosine-protein kinases. Isoform 3 seems to have a dominant negative role; it blocks tyrosine phosphorylation of MPZL1 induced by ConA. Isoform 1, but not isoform 2 and isoform 3, may be involved in regulation of integrin-mediated cell motility.
155	BDH2	9606.ENSP00000296424	BDH2	3-hydroxybutyrate dehydrogenase type 2; Dehydrogenase that mediates the formation of 2,5- dihydroxybenzoic acid (2,5-DHBA), a siderophore that shares structural similarities with bacterial enterobactin and associates with LCN2, thereby playing a key role in iron assimilation and homeostasis. Plays a role in susceptibility to bacterial infection by providing an assimilable source of iron that is exploited by pathogenic bacteria (By similarity). Also acts as a 3-hydroxybutyrate dehydrogenase.
156	TFR2	9606.ENSP00000420525	TFR2	Transferrin receptor protein 2; Mediates cellular uptake of transferrin-bound iron in a non- iron dependent manner. May be involved in iron metabolism, hepatocyte function and erythrocyte differentiation; Belongs to the peptidase M28 family. M28B subfamily.
157	IRAK4	9606.ENSP00000479889	IRAK4	Interleukin-1 receptor-associated kinase 4; Serine/threonine-protein kinase that plays a critical role in initiating innate immune response against foreign pathogens. Involved in Toll-like receptor (TLR) and IL-1R signaling pathways. Is rapidly recruited by MYD88 to the receptor- signaling complex upon TLR activation to form the Myddosome together with IRAK2. Phosphorylates initially IRAK1, thus stimulating the kinase activity and intensive autophosphorylation of IRAK1. Phosphorylates E3 ubiquitin ligases Pellino proteins (PELI1, PELI2 and PELI3) to promote pellino-mediated polyubiquit [...] 
158	GET4	9606.ENSP00000265857	GET4	Golgi to ER traffic protein 4 homolog; As part of a cytosolic protein quality control complex, the BAG6/BAT3 complex, maintains misfolded and hydrophobic patches- containing proteins in a soluble state and participates to their proper delivery to the endoplasmic reticulum or alternatively can promote their sorting to the proteasome where they undergo degradation. The BAG6/BAT3 complex is involved in the post-translational delivery of tail-anchored/type II transmembrane proteins to the endoplasmic reticulum membrane. Recruited to ribosomes, it interacts with the transmembrane region of  [...] 
159	FLAD1	9606.ENSP00000292180	FLAD1	Molybdenum cofactor biosynthesis protein-like region; Catalyzes the adenylation of flavin mononucleotide (FMN) to form flavin adenine dinucleotide (FAD) coenzyme. In the C-terminal section; belongs to the PAPS reductase family. FAD1 subfamily.
160	KCNH5	9606.ENSP00000321427	KCNH5	Potassium voltage-gated channel subfamily H member 5; Pore-forming (alpha) subunit of voltage-gated potassium channel. Elicits a non-inactivating outward rectifying current. Channel properties may be modulated by cAMP and subunit assembly; Belongs to the potassium channel family. H (Eag) (TC 1.A.1.20) subfamily. Kv10.2/KCNH5 sub-subfamily.
161	SYN2	9606.ENSP00000480050	SYN2	Synapsin-2; Neuronal phosphoprotein that coats synaptic vesicles, binds to the cytoskeleton, and is believed to function in the regulation of neurotransmitter release. May play a role in noradrenaline secretion by sympathetic neurons (By similarity); Belongs to the synapsin family.
162	DMPK	9606.ENSP00000345997	DMPK	Myotonin-protein kinase; Non-receptor serine/threonine protein kinase which is necessary for the maintenance of skeletal muscle structure and function. May play a role in myocyte differentiation and survival by regulating the integrity of the nuclear envelope and the expression of muscle-specific genes. May also phosphorylate PPP1R12A and inhibit the myosin phosphatase activity to regulate myosin phosphorylation. Also critical to the modulation of cardiac contractility and to the maintenance of proper cardiac conduction activity probably through the regulation of cellular calcium homeo [...] 
163	ANO3	9606.ENSP00000256737	ANO3	Anoctamin-3; Has calcium-dependent phospholipid scramblase activity; scrambles phosphatidylcholine and galactosylceramide (By similarity). Seems to act as potassium channel regulator and may inhibit pain signaling; can facilitate KCNT1/Slack channel activity by promoting its full single-channel conductance at very low sodium concentrations and by increasing its sodium sensitivity (By similarity). Does not exhibit calcium-activated chloride channel (CaCC) activity.
164	SOAT1	9606.ENSP00000356591	SOAT1	Sterol O-acyltransferase 1; Catalyzes the formation of fatty acid-cholesterol esters, which are less soluble in membranes than cholesterol. Plays a role in lipoprotein assembly and dietary cholesterol absorption. In addition to its acyltransferase activity, it may act as a ligase.
165	NADK2	9606.ENSP00000371362	NADK2	NAD kinase 2, mitochondrial; Mitochondrial NAD(+) kinase that phosphorylates NAD(+) to yield NADP(+). Can use both ATP or inorganic polyphosphate as the phosphoryl donor. Also has weak NADH kinase activity in vitro; however NADH kinase activity is much weaker than the NAD(+) kinase activity and may not be relevant in vivo.
166	SPAG6	9606.ENSP00000365811	SPAG6	Sperm-associated antigen 6; Important for structural integrity of the central apparatus in the sperm tail and for flagellar motility.
167	NT5C1B	9606.ENSP00000352904	NT5C1B	Cytosolic 5'-nucleotidase 1B; Dephosphorylates the 5' and 2'(3')-phosphates of deoxyribonucleotides. Helps to regulate adenosine levels (By similarity).
168	KCNA3	9606.ENSP00000358784	KCNA3	Potassium voltage-gated channel subfamily A member 3; Mediates the voltage-dependent potassium ion permeability of excitable membranes. Assuming opened or closed conformations in response to the voltage difference across the membrane, the protein forms a potassium-selective channel through which potassium ions may pass in accordance with their electrochemical gradient.
169	KLHDC2	9606.ENSP00000298307	KLHDC2	Kelch domain-containing protein 2; Represses CREB3-mediated transcription by interfering with CREB3-DNA binding.
170	SRI	9606.ENSP00000265729	SRI	Sorcin; Calcium-binding protein that modulates excitation-contraction coupling in the heart. Contributes to calcium homeostasis in the heart sarcoplasmic reticulum. Modulates the activity of RYR2 calcium channels.
172	RRAGD	9606.ENSP00000358423	RRAGD	Ras-related GTP-binding protein D; Guanine nucleotide-binding protein forming heterodimeric Rag complexes required for the amino acid-induced relocalization of mTORC1 to the lysosomes and its subsequent activation by the GTPase RHEB. This is a crucial step in the activation of the TOR signaling cascade by amino acids.
173	UXS1	9606.ENSP00000283148	UXS1	UDP-glucuronic acid decarboxylase 1; Catalyzes the NAD-dependent decarboxylation of UDP-glucuronic acid to UDP-xylose. Necessary for the biosynthesis of the core tetrasaccharide in glycosaminoglycan biosynthesis.
174	PMS2	9606.ENSP00000265849	PMS2	Mismatch repair endonuclease PMS2; Component of the post-replicative DNA mismatch repair system (MMR). Heterodimerizes with MLH1 to form MutL alpha. DNA repair is initiated by MutS alpha (MSH2-MSH6) or MutS beta (MSH2-MSH3) binding to a dsDNA mismatch, then MutL alpha is recruited to the heteroduplex. Assembly of the MutL-MutS-heteroduplex ternary complex in presence of RFC and PCNA is sufficient to activate endonuclease activity of PMS2. It introduces single-strand breaks near the mismatch and thus generates new entry points for the exonuclease EXO1 to degrade the strand containing th [...] 
175	GLYR1	9606.ENSP00000322716	GLYR1	Putative oxidoreductase GLYR1; Nucleosome-destabilizing factor that is recruited to genes during transcriptional activation. Facilitates Pol II transcription through nucleosomes. Binds DNA (in vitro). Recognizes and binds trimethylated 'Lys-36' of histone H3 (H3K36me3). Promotes KDM1B demethylase activity. Stimulates the acetylation of 'Lys-56' of nucleosomal histone H3 (H3K56ac) by EP300. Regulates p38 MAP kinase activity by mediating stress activation of p38alpha/MAPK14 and specifically regulating MAPK14 signaling. Indirectly promotes phosphorylation of MAPK14 and activation of ATF2. [...] 
176	SART3	9606.ENSP00000449386	SART3	Squamous cell carcinoma antigen recognized by T-cells 3; U6 snRNP-binding protein that functions as a recycling factor of the splicing machinery. Promotes the initial reassembly of U4 and U6 snRNPs following their ejection from the spliceosome during its maturation. Also binds U6atac snRNPs and may function as a recycling factor for U4atac/U6atac spliceosomal snRNP, an initial step in the assembly of U12-type spliceosomal complex. The U12-type spliceosomal complex plays a role in the splicing of introns with non- canonical splice sites. May also function as a substrate-targeting factor [...] 
177	MTMR2	9606.ENSP00000345752	MTMR2	Myotubularin-related protein 2; Phosphatase that acts on lipids with a phosphoinositol headgroup. Has phosphatase activity towards phosphatidylinositol 3- phosphate and phosphatidylinositol 3,5-bisphosphate. Binds phosphatidylinositol 4-phosphate, phosphatidylinositol 5-phosphate, phosphatidylinositol 3,5-bisphosphate and phosphatidylinositol 3,4,5- trisphosphate (By similarity). Stabilizes SBF2/MTMR13 at the membranes (By similarity). Specifically in peripheral nerves, stabilizes SBF2/MTMR13 protein (By similarity). Belongs to the protein-tyrosine phosphatase family. Non- receptor cla [...] 
178	KLHL13	9606.ENSP00000419803	KLHL13	Kelch-like protein 13; Substrate-specific adapter of a BCR (BTB-CUL3-RBX1) E3 ubiquitin-protein ligase complex required for mitotic progression and cytokinesis. The BCR(KLHL9-KLHL13) E3 ubiquitin ligase complex mediates the ubiquitination of AURKB and controls the dynamic behavior of AURKB on mitotic chromosomes and thereby coordinates faithful mitotic progression and completion of cytokinesis.
179	B3GNT4	9606.ENSP00000319636	B3GNT4	N-acetyllactosaminide beta-1,3-N-acetylglucosaminyltransferase 4; Beta-1,3-N-acetylglucosaminyltransferase involved in the synthesis of poly-N-acetyllactosamine. Has activity for type 2 oligosaccharides; Belongs to the glycosyltransferase 31 family.
180	MLYCD	9606.ENSP00000262430	MLYCD	Malonyl-CoA decarboxylase, mitochondrial; Catalyzes the conversion of malonyl-CoA to acetyl-CoA. In the fatty acid biosynthesis MCD selectively removes malonyl-CoA and thus assures that methyl-malonyl-CoA is the only chain elongating substrate for fatty acid synthase and that fatty acids with multiple methyl side chains are produced. In peroxisomes it may be involved in degrading intraperoxisomal malonyl-CoA, which is generated by the peroxisomal beta-oxidation of odd chain-length dicarboxylic fatty acids. Plays a role in the metabolic balance between glucose and lipid oxidation in mus [...] 
181	AMPD3	9606.ENSP00000379802	AMPD3	AMP deaminase 3; AMP deaminase plays a critical role in energy metabolism; Belongs to the metallo-dependent hydrolases superfamily. Adenosine and AMP deaminases family.
182	PNPLA8	9606.ENSP00000257694	PNPLA8	Calcium-independent phospholipase A2-gamma; Calcium-independent phospholipase A2, which catalyzes the hydrolysis of the sn-2 position of glycerophospholipids, PtdSer and to a lower extent PtdCho. Cleaves membrane phospholipids.
183	FGF13	9606.ENSP00000396198	FGF13	Fibroblast growth factor 13; Microtubule-binding protein which directly binds tubulin and is involved in both polymerization and stabilization of microtubules (By similarity). Through its action on microtubules, may participate to the refinement of axons by negatively regulating axonal and leading processes branching (By similarity). Plays a crucial role in neuron polarization and migration in the cerebral cortex and the hippocampus (By similarity). May regulate voltage-gated sodium channels transport and function. May also play a role in MAPK signaling (By similarity). Required for th [...] 
184	AHCY	9606.ENSP00000217426	AHCY	Adenosylhomocysteinase; Adenosylhomocysteine is a competitive inhibitor of S- adenosyl-L-methionine-dependent methyl transferase reactions; therefore adenosylhomocysteinase may play a key role in the control of methylations via regulation of the intracellular concentration of adenosylhomocysteine.
185	ECI2	9606.ENSP00000369461	ECI2	Enoyl-CoA delta isomerase 2, mitochondrial; Able to isomerize both 3-cis and 3-trans double bonds into the 2-trans form in a range of enoyl-CoA species. Has a preference for 3-trans substrates (By similarity).
186	ABCG4	9606.ENSP00000481728	ABCG4	ATP-binding cassette sub-family G member 4; May be involved in macrophage lipid homeostasis.
187	SEPTIN10	9606.ENSP00000349116	SEPTIN10	Septin-10; Filament-forming cytoskeletal GTPase. May play a role in cytokinesis (Potential); Belongs to the TRAFAC class TrmE-Era-EngA-EngB-Septin-like GTPase superfamily. Septin GTPase family.
188	CARS1	9606.ENSP00000369897	CARS1	Cysteine--tRNA ligase, cytoplasmic; cysteinyl-tRNA synthetase 1.
